Date,NumberOfViews
"May, 2022","228"
"Jun, 2022","416"
"Jul, 2022","554"
"Aug, 2022","606"
"Sep, 2022","652"
"Oct, 2022","717"
"Nov, 2022","787"
"Dec, 2022","839"
"Jan, 2023","877"
"Feb, 2023","932"
"Mar, 2023","994"
"Apr, 2023","1042"
"May, 2023","1073"
"Jun, 2023","1133"
"Jul, 2023","1175"
"Aug, 2023","1251"
"Sep, 2023","1295"
"Oct, 2023","1352"
"Nov, 2023","1382"
"Dec, 2023","1405"
"Jan, 2024","1426"
"Feb, 2024","1438"
"Mar, 2024","1448"
"Apr, 2024","1466"
"May, 2024","1486"
"Jun, 2024","1489"
"Jul, 2024","1503"
"Aug, 2024","1512"
"Sep, 2024","1539"
"Oct, 2024","1581"
"Nov, 2024","1631"
"Dec, 2024","1644"
"Jan, 2025","1652"
"Feb, 2025","1663"
"Mar, 2025","1685"
"Apr, 2025","1700"